pos.,con.,a,b,c,d,e,f,g,h,i,j,k,l,,a,b,c,d,e,f,,a,b,c,d,e,f,g,h,i,j,k,l,NS/S
781,G,T,T,T,T,T,T,T,T,T,T,T,T,,-,-,-,-,-,-,,-,-,-,-,-,-,-,-,-,-,-,-,NS
789,T,-,-,-,-,-,-,-,-,-,-,-,-,,-,-,-,-,-,-,,C,C,C,C,C,C,C,C,C,C,C,C,S
808,A,-,-,-,-,-,-,-,-,-,-,-,-,,-,-,-,-,-,-,,G,G,G,G,G,G,G,G,G,G,G,G,NS
816,G,T,T,T,T,-,-,-,-,-,-,-,T,,T,T,T,T,T,T,,-,-,-,-,-,-,-,-,-,-,-,-,S
834,T,-,-,-,-,-,-,-,-,-,-,-,-,,C,C,-,-,-,C,,-,-,-,-,-,-,-,-,-,-,-,-,S
859,C,-,-,-,-,-,-,-,-,-,-,-,-,,-,-,-,-,-,-,,G,G,G,G,G,G,G,G,G,G,G,G,NS
867,C,-,-,-,-,-,-,-,-,-,-,-,-,,-,-,-,-,-,-,,G,G,G,G,G,A,G,G,G,G,G,G,S
870,C,T,T,T,T,T,T,T,T,T,T,T,T,,-,-,-,-,-,-,,-,-,-,-,-,-,-,-,-,-,-,-,S
950,G,-,-,-,-,-,-,-,-,-,-,-,-,,-,A,-,-,-,-,,-,-,-,-,-,-,-,-,-,-,-,-,S
974,G,-,-,-,-,-,-,-,-,-,-,-,-,,T,-,T,T,T,T,,-,-,-,-,-,-,-,-,-,-,-,-,S
983,T,-,-,-,-,-,-,-,-,-,-,-,-,,-,-,-,-,-,-,,C,C,C,C,C,C,C,C,C,C,C,C,S
1019,C,-,-,-,-,-,-,-,-,-,-,-,-,,-,-,-,-,-,-,,-,-,-,-,A,-,-,-,-,-,-,-,S
1031,C,-,-,-,-,-,-,-,-,-,-,-,-,,-,-,-,-,-,-,,-,-,-,-,-,-,-,-,A,-,-,-,S
1034,T,-,-,-,-,-,-,-,-,-,-,-,-,,-,-,-,-,-,-,,,C,C,C,C,C,-,-,C,-,C,C,S
1043,C,-,-,-,-,-,-,-,-,-,-,-,-,,-,-,-,-,-,-,,-,-,-,-,A,-,-,-,-,-,-,-,S
1068,C,T,T,-,-,-,-,-,-,-,-,-,-,,-,-,-,-,-,-,,-,-,-,-,-,-,-,-,-,-,-,-,S
1089,C,-,-,-,-,-,-,-,-,-,-,-,-,,A,A,A,A,A,A,,-,-,-,-,-,-,-,-,-,-,-,-,NS
1101,G,-,-,-,-,-,-,-,-,-,-,-,-,,-,-,-,-,-,-,,A,A,A,A,A,A,A,A,A,A,A,A,NS
1127,T,-,-,-,-,-,-,-,-,-,-,-,-,,-,-,-,-,-,-,,C,C,C,C,C,C,C,C,C,C,C,C,S
1131,C,-,-,-,-,-,-,-,-,-,-,-,-,,-,-,-,-,-,-,,-,-,-,-,T,-,-,-,-,-,-,-,S
1160,T,-,-,-,-,-,-,-,-,-,-,-,-,,-,-,-,-,-,-,,C,C,C,C,C,C,C,C,C,C,C,C,S